Date,Adj. Open,Adj. Close,S&P Open,Adj. High,Adj. Low,Adj. Volume,S&P Adj. Close
2013-11-07,45.1,44.9,117701600.0,50.09,44.0,1770.73999,1747.150024
2013-11-08,45.93,41.65,27925300.0,46.94,40.69,1748.369995,1770.609985
2013-11-11,40.5,42.9,16113900.0,43.0,39.4,1769.959961,1771.890015
2013-11-12,43.66,41.9,6316700.0,43.78,41.83,1769.51001,1767.689941
2013-11-13,41.03,42.6,8688300.0,42.87,40.76,1764.369995,1782.0
2013-11-14,42.34,44.69,11099400.0,45.67,42.24,1782.75,1790.619995
2013-11-15,45.25,43.98,8010600.0,45.27,43.43,1790.660034,1798.180054
2013-11-18,43.5,41.14,12810600.0,43.95,40.85,1798.819946,1791.530029
2013-11-19,41.39,41.75,7436600.0,41.9,40.0,1790.790039,1787.869995
2013-11-20,41.4,41.05,5767300.0,41.75,40.51,1789.589966,1781.369995
2013-11-21,41.25,42.06,8324700.0,42.49,40.37,1783.52002,1795.849976
2013-11-22,41.81,41.0,6185200.0,42.28,40.97,1797.209961,1804.76001
2013-11-25,41.08,39.06,14333300.0,41.14,38.8,1806.329956,1802.47998
2013-11-26,39.16,40.18,9828400.0,40.55,38.92,1802.869995,1802.75
2013-11-27,40.47,40.9,5536300.0,41.4,40.35,1803.47998,1807.22998
2013-11-29,41.4,41.57,4107000.0,41.58,40.9,1808.689941,1805.810059
2013-12-02,41.79,40.78,6424300.0,42.0,40.4,1806.550049,1800.900024
2013-12-03,40.69,41.37,5771000.0,41.6,40.54,1800.099976,1795.150024
2013-12-04,41.27,43.69,11014900.0,43.92,41.27,1793.150024,1792.810059
2013-12-05,43.45,45.62,11729400.0,46.35,42.83,1792.819946,1785.030029
2013-12-06,45.75,44.95,6230000.0,45.8,44.54,1788.359985,1805.089966
2013-12-09,45.59,49.14,17366600.0,49.84,45.02,1806.209961,1808.369995
2013-12-10,48.9,51.99,25792000.0,52.58,48.7,1807.599976,1802.619995
2013-12-11,52.4,52.34,26631500.0,53.87,51.0,1802.76001,1782.219971
2013-12-12,52.2,55.33,23446900.0,55.87,50.69,1781.709961,1775.5
2013-12-13,56.2,59.0,38979600.0,59.41,55.45,1777.97998,1775.319946
2013-12-16,57.86,56.61,39310800.0,60.24,55.76,1777.47998,1786.540039
2013-12-17,56.97,56.45,22115200.0,57.38,54.62,1786.469971,1781.0
2013-12-18,57.0,55.51,16659800.0,57.0,54.23,1781.459961,1810.650024
2013-12-19,55.08,57.49,13152500.0,57.75,55.0,1809.0,1809.599976
2013-12-20,58.51,60.01,26207400.0,60.25,58.01,1810.390015,1818.319946
2013-12-23,59.85,64.54,22163800.0,64.99,59.7,1822.920044,1827.98999
2013-12-24,66.34,69.96,35802700.0,70.87,65.56,1828.02002,1833.319946
2013-12-26,72.88,73.31,82761100.0,74.73,69.13,1834.959961,1842.02002
2013-12-27,70.1,63.75,60418700.0,71.25,63.69,1842.969971,1841.400024
2013-12-30,60.27,60.51,55538300.0,63.71,58.57,1841.469971,1841.069946
2013-12-31,62.36,63.65,27814600.0,65.22,61.65,1842.609985,1848.359985
2014-01-02,65.0,67.5,29246400.0,67.5,64.4,1845.859985,1831.97998
2014-01-03,69.0,69.0,33207200.0,70.43,68.43,1833.209961,1831.369995
2014-01-06,64.83,66.29,27243700.0,66.87,63.5,1832.310059,1826.77002
2014-01-07,67.67,61.46,31748400.0,67.73,61.39,1828.709961,1837.880005
2014-01-08,58.71,59.29,27263200.0,61.26,57.92,1837.900024,1837.48999
2014-01-09,59.54,57.05,31092100.0,60.81,55.59,1839.0,1838.130005
2014-01-10,57.5,57.0,22375900.0,58.76,55.87,1840.060059,1842.369995
2014-01-13,59.98,57.82,20978100.0,60.38,57.29,1841.26001,1819.199951
2014-01-14,58.88,58.21,14778000.0,59.02,57.36,1821.359985,1838.880005
2014-01-15,59.11,61.57,21537300.0,61.75,58.32,1840.52002,1848.380005
2014-01-16,61.45,60.57,16589400.0,62.4,60.46,1847.98999,1845.890015
2014-01-17,63.6,62.2,28391100.0,64.69,61.59,1844.22998,1838.699951
2014-01-21,63.33,62.53,13733200.0,63.44,61.5,1841.050049,1843.800049
2014-01-22,63.11,62.44,12039000.0,63.8,61.76,1844.709961,1844.859985
2014-01-23,61.45,62.8,10183700.0,62.81,60.88,1842.290039,1828.459961
2014-01-24,62.17,61.74,12942200.0,63.62,61.3,1826.959961,1790.290039
2014-01-27,61.77,57.91,18982700.0,61.77,56.1,1791.030029,1781.560059
2014-01-28,57.44,60.44,9346800.0,60.85,57.35,1783.0,1792.5
2014-01-29,59.62,59.45,9140000.0,60.95,58.6,1790.150024,1774.199951
2014-01-30,63.98,63.47,17424300.0,65.24,62.8,1777.170044,1794.189941
2014-01-31,63.39,64.5,15498800.0,65.37,62.65,1790.880005,1782.589966
2014-02-03,65.92,65.25,17890300.0,66.48,64.21,1782.680054,1741.890015
2014-02-04,66.25,66.32,13017400.0,66.37,64.5,1743.819946,1755.199951
2014-02-05,67.16,65.97,31504900.0,67.24,64.8,1753.380005,1751.640015
2014-02-06,50.61,50.03,64856500.0,53.9,49.99,1752.98999,1773.430054
2014-02-07,51.23,54.35,32204400.0,54.92,50.75,1776.01001,1797.02002
2014-02-10,54.5,52.92,15857400.0,54.59,52.34,1796.199951,1799.839966
2014-02-11,53.2,54.0,13162900.0,54.4,53.1,1800.449951,1819.75
2014-02-12,55.05,56.85,20040400.0,57.0,54.76,1820.119995,1819.26001
2014-02-13,56.07,56.47,26009500.0,58.98,55.46,1814.819946,1829.829956
2014-02-14,57.02,57.44,12512400.0,57.86,56.7,1828.459961,1838.630005
2014-02-18,57.88,58.18,10719500.0,58.64,56.77,1839.030029,1840.76001
2014-02-19,58.47,55.5,25772100.0,58.95,54.62,1838.900024,1828.75
2014-02-20,55.82,56.63,12097500.0,57.08,54.65,1829.23999,1839.780029
2014-02-21,57.1,55.92,7714300.0,57.2,55.7,1841.069946,1836.25
2014-02-24,56.03,55.78,8451200.0,56.49,55.3,1836.780029,1847.609985
2014-02-25,55.89,54.96,9288500.0,55.95,54.5,1847.660034,1845.119995
2014-02-26,55.0,55.87,12116000.0,56.99,54.9,1845.790039,1845.160034
2014-02-27,56.34,55.77,6537700.0,56.69,55.4,1844.900024,1854.290039
2014-02-28,55.93,54.91,8137200.0,56.0,54.13,1855.119995,1859.449951
2014-03-03,53.89,53.71,9602300.0,54.4,52.9,1857.680054,1845.72998
2014-03-04,54.25,54.28,6706300.0,55.28,54.12,1849.22998,1873.910034
2014-03-05,54.53,54.38,5672000.0,55.03,53.75,1874.050049,1873.810059
2014-03-06,54.91,54.83,9005700.0,56.09,54.7,1874.180054,1877.030029
2014-03-07,55.18,53.53,7311500.0,55.2,53.31,1878.52002,1878.040039
2014-03-10,54.09,53.88,5759600.0,54.59,53.38,1877.859985,1877.170044
2014-03-11,54.16,54.02,11762600.0,55.84,53.8,1878.26001,1867.630005
2014-03-12,54.25,54.5,5818400.0,55.3,53.88,1866.150024,1868.199951
2014-03-13,54.9,53.57,7671500.0,55.45,53.2,1869.060059,1846.339966
2014-03-14,53.4,51.92,9570400.0,53.91,51.8,1845.069946,1841.130005
2014-03-17,52.08,52.05,6600900.0,52.49,51.35,1842.810059,1858.829956
2014-03-18,52.03,51.13,12228900.0,52.21,50.29,1858.920044,1872.25
2014-03-19,50.8,51.24,7624200.0,51.98,50.71,1872.25,1860.77002
2014-03-20,51.0,50.12,10086200.0,51.66,49.64,1860.089966,1872.01001
2014-03-21,50.24,50.92,11801400.0,50.92,49.51,1874.530029,1866.52002
2014-03-24,50.69,48.77,12325700.0,50.94,47.77,1867.670044,1857.439941
2014-03-25,49.35,47.88,8225600.0,49.7,47.58,1859.47998,1865.619995
2014-03-26,48.06,44.43,16079700.0,48.3,44.25,1867.089966,1852.560059
2014-03-27,45.09,46.32,15507600.0,46.4,43.31,1852.109985,1849.040039
2014-03-28,46.65,47.3,9610500.0,47.34,45.7,1850.069946,1857.619995
2014-03-31,47.55,46.67,5794500.0,47.75,46.43,1859.160034,1872.339966
2014-04-01,46.71,46.98,6916100.0,47.59,46.18,1873.959961,1885.52002
2014-04-02,47.4,45.73,7911300.0,47.44,45.51,1886.609985,1890.900024
2014-04-03,45.48,44.05,11153300.0,45.61,43.38,1891.430054,1888.77002
2014-04-04,44.2,43.14,13824400.0,44.87,42.37,1890.25,1865.089966
2014-04-07,42.87,42.45,12053000.0,44.6,42.26,1863.920044,1845.040039
2014-04-08,43.42,41.78,14514500.0,43.42,41.55,1845.47998,1851.959961
2014-04-09,42.23,42.49,14306200.0,43.06,41.77,1852.640015,1872.180054
2014-04-10,42.85,41.34,10698400.0,43.25,40.93,1872.280029,1833.079956
2014-04-11,40.79,40.05,9984700.0,41.1,39.68,1830.650024,1815.689941
2014-04-14,41.4,40.87,10414200.0,41.95,40.12,1818.180054,1830.609985
2014-04-15,41.28,45.52,24226200.0,45.55,40.76,1831.449951,1842.97998
2014-04-16,45.42,44.42,13888200.0,45.56,43.54,1846.01001,1862.310059
2014-04-17,44.66,45.01,12304400.0,46.55,43.91,1861.72998,1864.849976
2014-04-21,44.96,46.13,6921200.0,46.3,44.64,1865.790039,1871.890015
2014-04-22,46.23,46.02,6996900.0,47.09,45.8,1872.569946,1879.550049
2014-04-23,45.88,45.95,7340200.0,46.17,44.87,1879.319946,1875.390015
2014-04-24,46.71,44.82,11011700.0,46.79,43.63,1881.969971,1878.609985
2014-04-25,44.29,41.61,13687800.0,44.44,41.31,1877.719971,1863.400024
2014-04-28,41.76,40.73,14347900.0,42.35,39.3,1865.0,1869.430054
2014-04-29,40.53,42.62,27839100.0,43.97,40.17,1870.780029,1878.329956
2014-04-30,37.57,38.97,38394695.0,38.98,37.24,1877.099976,1883.949951
2014-05-01,39.04,39.09,15759414.0,40.77,38.966,1884.390015,1883.680054
2014-05-02,39.21,39.02,12722394.0,39.86,38.7,1885.300049,1881.140015
2014-05-05,38.53,38.75,10397690.0,39.6,38.05,1879.449951,1884.660034
2014-05-06,35.6,31.85,134670303.0,36.1,31.72,1883.689941,1867.719971
2014-05-07,31.95,30.66,68876278.0,32.0,29.51,1868.530029,1878.209961
2014-05-08,31.41,31.96,51275739.0,32.98,31.13,1877.390015,1875.630005
2014-05-12,33.09,33.94,34702835.0,34.1,32.4,1880.030029,1896.650024
2014-05-13,33.81,33.39,24669768.0,34.06,32.89,1896.75,1897.449951
2014-05-14,33.29,32.85,20025407.0,33.83,32.62,1897.130005,1888.530029
2014-05-15,33.02,32.77,22030524.0,33.29,32.16,1888.160034,1870.849976
2014-05-16,32.94,32.26,21389870.0,33.21,32.02,1871.189941,1877.859985
2014-05-19,32.02,32.07,15922294.0,32.44,31.64,1876.660034,1885.079956
2014-05-20,32.0,31.77,16562780.0,32.39,31.52,1884.880005,1872.829956
2014-05-21,31.86,31.75,15559626.0,31.95,31.15,1873.339966,1888.030029
2014-05-22,31.31,31.52,35523171.0,32.25,30.52,1888.189941,1892.48999
2014-05-23,31.51,30.5,27305554.0,31.68,30.45,1893.319946,1900.530029
2014-05-27,30.94,30.51,25158540.0,31.2,30.38,1902.01001,1911.910034
2014-05-28,31.53,33.77,60173131.0,33.84,31.09,1911.77002,1909.780029
2014-05-29,34.71,34.0,53874583.0,35.14,33.88,1910.599976,1920.030029
2014-05-30,33.69,32.44,39889533.0,33.86,32.11,1920.329956,1923.569946
2014-06-02,32.89,31.75,30110029.0,33.2,31.62,1923.869995,1924.969971
2014-06-03,31.73,32.58,19883051.0,32.69,31.65,1923.069946,1924.23999
2014-06-04,32.4,32.9,24775360.0,33.32,31.85,1923.060059,1927.880005
2014-06-05,33.67,33.89,40823409.0,34.89,33.112,1928.52002,1940.459961
2014-06-06,34.17,33.33,23304023.0,34.41,33.22,1942.410034,1949.439941
2014-06-09,33.265,34.47,23294106.0,34.55,33.09,1948.969971,1951.27002
2014-06-10,34.74,35.37,36433614.0,35.5,34.66,1950.339966,1950.790039
2014-06-11,35.07,35.54,29967193.0,35.97,34.93,1949.369995,1943.890015
2014-06-12,35.09,36.79,57996751.0,37.27,35.06,1943.349976,1930.109985
2014-06-13,36.81,36.9,29060114.0,37.25,35.9,1930.800049,1936.160034
2014-06-16,36.64,38.02,29761910.0,38.17,36.44,1934.839966,1937.780029
2014-06-17,38.03,38.02,30274110.0,38.55,37.298,1937.150024,1941.98999
2014-06-18,38.16,38.74,23482507.0,38.83,37.75,1942.72998,1956.97998
2014-06-19,38.72,38.9,24611593.0,39.3,38.32,1957.5,1959.47998
2014-06-20,38.83,39.24,40753777.0,39.24,37.7727,1960.449951,1962.869995
2014-06-23,39.07,39.52,22560100.0,39.58,38.73,1962.920044,1962.609985
2014-06-24,39.51,38.48,24397391.0,39.64,38.255,1961.969971,1949.97998
2014-06-25,38.26,39.46,25363576.0,39.59,38.01,1949.27002,1959.530029
2014-06-26,40.05,41.44,45241828.0,42.0,39.81,1959.890015,1957.219971
2014-06-27,40.73,40.93,48247329.0,41.15,40.11,1956.560059,1960.959961
2014-06-30,40.81,40.97,22741188.0,41.34,40.35,1960.790039,1960.22998
2014-07-01,42.1,42.05,35967152.0,42.95,41.91,1962.290039,1973.319946
2014-07-02,42.83,41.77,23340096.0,42.83,41.42,1973.060059,1974.619995
2014-07-03,41.96,41.33,15792649.0,42.0,40.825,1975.880005,1985.439941
2014-07-07,41.08,40.23,21317937.0,41.4544,40.14,1984.219971,1977.650024
2014-07-08,39.96,37.41,49883880.0,40.04,36.84,1976.390015,1963.709961
2014-07-09,37.71,38.06,26784196.0,38.35,37.35,1965.099976,1972.829956
2014-07-10,36.49,37.84,26484881.0,38.1,36.11,1966.670044,1964.680054
2014-07-11,38.15,38.33,21033450.0,38.79,38.0,1965.76001,1967.569946
2014-07-14,38.64,38.31,19632478.0,39.378,38.2,1969.859985,1977.099976
2014-07-15,38.6,37.88,24597943.0,38.99,37.62,1977.359985,1973.280029
2014-07-16,38.25,37.43,19377462.0,38.52,37.1,1976.349976,1981.569946
2014-07-17,36.84,36.87,22583425.0,37.17,36.38,1979.75,1958.119995
2014-07-18,36.86,37.05,26270048.0,37.08,35.95,1961.540039,1978.219971
2014-07-21,37.27,38.05,19632176.0,38.29,36.85,1976.930054,1973.630005
2014-07-22,38.35,37.65,16803410.0,38.6,37.45,1975.650024,1983.530029
2014-07-23,37.65,37.75,12827459.0,38.19,37.56,1985.319946,1987.01001
2014-07-24,38.71,38.71,22026578.0,39.0,37.85,1988.069946,1987.97998
2014-07-25,38.2,38.16,15939087.0,38.8,38.02,1984.599976,1978.339966
2014-07-28,38.28,37.93,16653092.0,38.44,37.56,1978.25,1978.910034
2014-07-29,38.14,38.59,46131240.0,38.92,37.99,1980.030029,1969.949951
2014-07-30,47.01,46.3,115932672.0,48.0,45.65,1973.209961,1970.069946
2014-07-31,44.64,45.19,47039558.0,45.84,44.3,1965.140015,1930.670044
2014-08-01,44.97,44.13,36985260.0,45.54,43.81,1929.800049,1925.150024
2014-08-04,43.7,43.47,22346436.0,44.53,43.44,1926.619995,1938.98999
2014-08-05,43.24,43.83,26324169.0,44.48,43.02,1936.339966,1920.209961
2014-08-06,43.23,43.46,20317620.0,44.04,42.75,1917.290039,1920.23999
2014-08-07,43.39,43.0,25316233.0,44.37,42.89,1923.030029,1909.569946
2014-08-08,43.0,43.13,14924728.0,43.36,42.51,1910.349976,1931.589966
2014-08-11,43.52,43.27,18360208.0,43.6,42.71,1933.430054,1936.920044
2014-08-12,44.38,43.81,29465215.0,44.72,43.61,1935.72998,1933.75
2014-08-13,44.12,44.15,16113169.0,44.34,43.62,1935.599976,1946.719971
2014-08-14,44.36,45.33,23571644.0,45.34,44.0436,1947.410034,1955.180054
2014-08-15,45.46,44.76,17764745.0,45.5,44.44,1958.869995,1955.060059
2014-08-18,45.12,45.12,14802227.0,45.33,44.77,1958.359985,1971.73999
2014-08-19,45.24,45.09,11798453.0,45.45,45.029,1972.72998,1981.599976
2014-08-20,44.93,45.06,10349375.0,45.21,44.76,1980.459961,1986.51001
2014-08-21,45.27,45.11,10590537.0,45.35,44.84,1986.819946,1992.369995
2014-08-22,45.07,45.98,19369942.0,46.14,44.8,1992.599976,1988.400024
2014-08-25,46.13,46.1,17546118.0,46.36,45.7,1991.73999,1997.920044
2014-08-26,46.1,48.17,27445653.0,48.2,46.04,1998.589966,2000.02002
2014-08-27,48.24,48.06,26089660.0,48.46,47.18,2000.540039,2000.119995
2014-08-28,48.03,49.43,34964516.0,49.88,47.86,1997.420044,1996.73999
2014-08-29,49.89,49.75,31897560.0,50.35,49.13,1998.449951,2003.369995
2014-09-02,50.02,51.02,28152048.0,51.34,49.9,2004.069946,2002.280029
2014-09-03,51.83,49.33,34324745.0,51.85,49.05,2003.569946,2000.719971
2014-09-04,49.66,50.24,24367442.0,50.86,49.22,2001.670044,1997.650024
2014-09-05,50.08,50.68,20029123.0,50.88,49.52,1998.0,2007.709961
2014-09-08,51.8,52.0,30778497.0,52.68,51.68,2007.170044,2001.540039
2014-09-09,52.26,50.61,24975683.0,52.4,50.22,2000.72998,1988.439941
2014-09-10,52.11,52.91,37058235.0,53.33,51.85,1988.410034,1995.689941
2014-09-11,52.55,52.64,38016129.0,53.64,52.18,1992.849976,1997.449951
2014-09-12,52.5,52.11,22898742.0,52.82,52.02,1996.73999,1985.540039
2014-09-15,51.625,49.38,38278560.0,51.927,47.56,1986.040039,1984.130005
2014-09-16,48.77,50.83,26687273.0,50.91,48.4,1981.930054,1998.97998
2014-09-17,50.91,50.7,22814860.0,51.6,50.1612,1999.300049,2001.569946
2014-09-18,50.97,50.88,22436470.0,51.88,50.53,2003.069946,2011.359985
2014-09-19,50.78,53.0,38018724.0,53.0,50.18,2012.73999,2010.400024
2014-09-22,52.36,51.94,21690886.0,52.9,51.36,2009.079956,1994.290039
2014-09-23,51.48,52.17,19945797.0,52.56,51.02,1992.780029,1982.77002
2014-09-24,52.55,52.96,17623744.0,53.34,52.13,1983.339966,1998.300049
2014-09-25,52.72,51.45,20996493.0,53.23,51.27,1997.319946,1965.98999
2014-09-26,51.97,51.89,14043809.0,52.61,51.7,1966.219971,1982.849976
2014-09-29,51.0,51.74,15363698.0,52.18,50.88,1978.959961,1977.800049
2014-09-30,52.01,51.58,12151886.0,52.19,51.17,1978.209961,1972.290039
2014-10-01,51.09,50.06,24703525.0,51.29,49.15,1971.439941,1946.160034
2014-10-02,51.03,51.85,26938564.0,52.1,50.01,1945.829956,1946.170044
2014-10-03,52.76,53.94,31122284.0,54.73,52.11,1948.119995,1967.900024
2014-10-06,53.94,53.49,19972037.0,54.45,53.226,1970.01001,1964.819946
2014-10-07,53.13,53.53,25988948.0,54.99,53.1,1962.359985,1935.099976
2014-10-08,53.57,55.42,30987387.0,55.6684,52.6,1935.550049,1968.890015
2014-10-09,55.33,55.29,29673401.0,55.99,54.92,1967.680054,1928.209961
2014-10-10,54.55,50.4,46608920.0,55.66,50.3,1925.630005,1906.130005
2014-10-13,50.54,48.49,34995216.0,51.91,48.26,1905.650024,1874.73999
2014-10-14,48.92,48.58,29608682.0,49.53,47.08,1877.109985,1877.699951
2014-10-15,47.11,49.99,34164615.0,50.52,46.38,1874.180054,1862.48999
2014-10-16,48.22,48.23,30724744.0,49.82,47.17,1855.949951,1862.76001
2014-10-17,49.73,48.77,24544973.0,50.25,48.65,1864.910034,1886.76001
2014-10-20,49.07,50.7,17667804.0,50.89,48.8,1885.619995,1904.01001
2014-10-21,51.76,50.63,21304810.0,52.15,50.3,1909.380005,1941.280029
2014-10-22,51.13,49.08,26109360.0,51.84,49.0,1941.290039,1927.109985
2014-10-23,50.07,49.67,23046341.0,50.4,49.2,1931.02002,1950.819946
2014-10-24,50.17,49.95,11934234.0,50.19,49.15,1951.589966,1964.579956
2014-10-27,50.02,48.56,47475079.0,50.24,47.1814,1962.969971,1961.630005
2014-10-28,42.24,43.78,82773570.0,44.58,41.76,1964.140015,1985.050049
2014-10-29,43.81,42.08,39831754.0,44.16,41.81,1983.290039,1982.300049
2014-10-30,41.56,41.8,41948682.0,42.48,39.94,1979.48999,1994.650024
2014-10-31,42.69,41.47,23777514.0,42.85,41.34,2001.199951,2018.050049
2014-11-03,40.55,40.21,31368600.0,41.2,40.16,2018.209961,2017.810059
2014-11-04,39.98,40.9,19489369.0,41.1,39.75,2015.810059,2012.099976
2014-11-06,40.18,40.84,16214511.0,41.35,40.1,2023.329956,2031.209961
2014-11-07,40.73,40.31,18506737.0,40.74,39.7,2032.359985,2031.920044
2014-11-10,40.34,39.59,19023540.0,40.69,39.42,2032.01001,2038.26001
2014-11-11,39.31,39.59,19176640.0,39.84,38.81,2038.199951,2039.680054
2014-11-12,39.94,42.54,51555590.0,42.94,39.6,2037.75,2038.25
2014-11-17,41.45,40.47,20590785.0,41.68,40.41,2038.290039,2041.319946
2014-11-18,40.69,40.61,18561401.0,41.17,39.95,2041.47998,2051.800049
2014-11-19,40.28,39.71,18956970.0,40.47,39.21,2051.159912,2048.719971
2014-11-20,39.5,39.81,13684129.0,40.55,39.32,2045.869995,2052.75
2014-11-21,40.25,40.03,12042670.0,40.28,39.8,2057.459961,2063.5
2014-11-24,39.99,40.19,15145970.0,40.47,39.58,2065.070068,2069.409912
2014-11-25,40.12,39.76,16141049.0,40.3,39.56,2070.149902,2067.030029
2014-11-26,39.83,41.13,23726542.0,41.56,39.74,2067.360107,2072.830078
2014-11-28,41.1,41.74,11111245.0,42.08,40.83,2074.780029,2067.560059
2014-12-01,41.29,39.04,21929129.0,41.29,39.0,2065.780029,2053.439941
2014-12-02,39.4,38.91,16399559.0,39.4,38.33,2053.77002,2066.550049
2014-12-05,38.9,38.49,12499998.0,39.07,38.35,2072.780029,2075.370117
2014-12-09,35.0,37.05,20326117.0,37.09,34.62,2056.550049,2059.820068
2014-12-10,36.95,36.35,16453108.0,37.78,36.25,2058.860107,2026.140015
2014-12-11,36.46,36.7,15695200.0,37.23,36.25,2027.920044,2035.329956
2014-12-12,36.33,37.1,15178045.0,37.71,36.1,2030.359985,2002.329956
2014-12-15,38.14,36.85,16677624.0,38.38,36.73,2005.030029,1989.630005
2014-12-16,36.51,35.13,19156487.0,36.71,35.09,1986.709961,1972.73999
2014-12-17,35.55,35.57,18508890.0,35.9,34.95,1973.77002,2012.890015
2014-12-18,36.15,36.73,19058577.0,37.27,35.95,2018.97998,2061.22998
2014-12-19,36.73,37.08,15974736.0,37.45,36.5,2061.040039,2070.649902
2014-12-22,37.49,38.43,20026359.0,38.82,37.31,2069.280029,2078.540039
2014-12-23,38.59,37.57,16832126.0,39.25,37.46,2081.47998,2082.169922
2014-12-24,37.66,37.61,6261330.0,38.35,37.56,2083.25,2081.879883
2014-12-26,37.73,37.6,7297903.0,38.1,37.54,2084.300049,2088.77002
2014-12-30,36.01,35.86,19456777.0,36.239,35.46,2088.48999,2080.350098
2014-12-31,35.89,35.87,17629452.0,36.49,35.47,2082.110107,2058.899902
2015-01-02,36.25,36.56,12005689.0,36.74,35.5401,2058.899902,2058.199951
2015-01-05,36.23,36.38,14997461.0,37.11,35.64,2054.439941,2020.579956
2015-01-06,36.27,38.76,32881946.0,39.45,36.04,2022.150024,2002.609985
2015-01-08,37.3,39.09,18987287.0,39.19,37.09,2030.609985,2062.139893
2015-01-12,40.28,39.37,27560525.0,40.95,39.3,2046.130005,2028.26001
2015-01-14,38.89,39.85,15966350.0,40.18,38.8,2018.400024,2011.27002
2015-01-15,39.61,36.93,22901871.0,39.7,36.86,2013.75,1992.670044
2015-01-20,37.61,37.57,17561741.0,38.14,36.54,2020.76001,2022.550049
2015-01-21,37.65,37.83,11997161.0,38.27,37.33,2020.189941,2032.119995
2015-01-22,37.98,39.07,20409850.0,39.25,37.55,2034.300049,2063.149902
2015-01-23,39.48,39.42,16427630.0,39.97,38.78,2062.97998,2051.820068
2015-01-26,39.33,40.1,13815680.0,40.13,39.04,2050.419922,2057.090088
2015-01-28,38.48,37.15,22227065.0,38.78,37.03,2032.339966,2002.160034
2015-01-29,37.46,36.68,19952137.0,37.57,36.07,2002.449951,2021.25
2015-01-30,36.83,37.53,15322774.0,38.15,36.41,2019.349976,1994.98999
2015-02-02,37.7,37.46,13749135.0,38.07,36.92,1996.670044,2020.849976
2015-02-03,38.0,39.79,28149286.0,40.19,37.691,2022.709961,2050.030029
2015-02-04,40.05,40.72,23061050.0,40.83,39.82,2048.860107,2041.51001
2015-02-05,42.04,41.26,59950640.0,43.79,40.91,2043.449951,2062.52002
2015-02-06,46.12,48.01,102867100.0,48.5,45.8,2062.280029,2055.469971
2015-02-09,46.75,47.32,36038472.0,47.69,46.5,2053.469971,2046.73999
2015-02-10,47.37,46.26,32151441.0,47.39,45.57,2049.379883,2068.590088
2015-02-11,46.27,47.5,24585238.0,47.78,46.11,2068.550049,2068.530029
2015-02-12,47.97,47.95,23041169.0,48.45,46.88,2069.97998,2088.47998
2015-02-13,47.93,48.5,20748708.0,48.82,47.57,2088.780029,2096.98999
2015-02-17,48.2,48.03,16626531.0,49.09,47.89,2096.469971,2100.340088
2015-02-18,48.0,47.82,15446462.0,48.79,47.36,2099.159912,2099.679932
2015-02-19,47.88,48.7,18059608.0,48.94,47.42,2099.25,2097.449951
2015-02-20,48.76,49.11,20615482.0,49.88,48.65,2097.649902,2110.300049
2015-02-23,49.03,48.47,12476596.0,49.24,48.35,2109.830078,2109.659912
2015-02-24,48.33,48.69,11052000.0,49.3,48.06,2109.100098,2115.47998
2015-02-25,48.8,48.55,11635700.0,49.18,48.25,2115.300049,2113.860107
2015-02-26,48.81,49.41,22306630.0,50.01,48.64,2113.909912,2110.73999
2015-02-27,49.19,48.08,14983310.0,49.9,47.96,2110.879883,2104.5
2015-03-02,48.26,48.15,13416780.0,48.3,47.31,2105.22998,2117.389893
2015-03-03,48.13,47.71,16666610.0,48.8,47.435,2115.76001,2107.780029
2015-03-04,47.51,47.57,14274100.0,47.85,46.41,2107.719971,2098.530029
2015-03-05,47.59,47.35,13511889.0,48.43,47.2,2098.540039,2101.040039
2015-03-06,47.26,46.75,11534904.0,48.07,46.57,2100.909912,2071.26001
2015-03-09,47.22,47.59,13635901.0,48.08,47.13,2072.25,2079.429932
2015-03-10,47.23,45.84,17289874.0,47.26,45.79,2076.139893,2044.160034
2015-03-11,45.66,46.27,12249614.0,46.74,45.13,2044.689941,2040.23999
2015-03-12,46.57,47.07,12121971.0,47.32,46.51,2041.099976,2065.949951
2015-03-13,46.94,46.66,13296388.0,47.72,46.452,2064.560059,2053.399902
2015-03-16,46.9,46.43,10132161.0,47.07,46.05,2055.350098,2081.189941
2015-03-17,46.66,46.93,13234052.0,47.29,46.44,2080.590088,2074.280029
2015-03-18,46.75,47.2,13051842.0,47.385,46.16,2072.840088,2099.5
2015-03-19,46.96,47.93,15885498.0,48.15,46.45,2098.689941,2089.27002
2015-03-20,48.36,48.44,18511278.0,49.15,48.25,2090.320068,2108.100098
2015-03-23,48.24,48.46,16328691.0,49.25,47.87,2107.98999,2104.419922
2015-03-24,48.67,51.47,37694915.0,51.79,48.54,2103.939941,2091.5
2015-03-25,51.5,49.5,31504032.0,51.87,49.31,2093.100098,2061.050049
2015-03-26,49.65,49.92,24129650.0,50.9,49.4,2059.939941,2056.149902
2015-03-27,50.35,50.01,14774991.0,50.89,49.94,2055.780029,2061.02002
2015-03-30,50.45,49.89,20274991.0,50.71,48.66,2064.110107,2086.23999
2015-03-31,49.62,50.08,23729323.0,51.24,49.54,2084.050049,2067.889893
2015-04-01,51.0,50.47,24225607.0,51.69,50.17,2067.629883,2059.689941
2015-04-02,50.64,50.42,13381956.0,50.95,49.88,2060.030029,2066.959961
2015-04-06,50.03,50.84,14487186.0,51.16,49.87,2064.870117,2080.620117
2015-04-07,51.01,52.87,36722125.0,53.28,50.86,2080.790039,2076.330078
2015-04-08,53.32,52.3,22289416.0,53.49,51.95,2076.939941,2081.899902
2015-04-09,52.15,52.17,17800252.0,52.99,51.54,2081.290039,2091.179932
2015-04-10,52.29,51.94,13191299.0,52.45,51.38,2091.51001,2102.060059
2015-04-13,51.99,51.62,12221478.0,52.29,51.45,2102.030029,2092.429932
2015-04-14,51.75,51.2,12166468.0,51.81,50.68,2092.280029,2095.840088
2015-04-15,51.33,51.3,13092402.0,51.87,50.91,2097.820068,2106.629883
2015-04-16,51.3,52.03,14240587.0,52.34,51.14,2105.959961,2104.98999
2015-04-17,51.71,50.66,16569206.0,52.16,50.19,2102.580078,2081.179932
2015-04-20,51.07,51.4,10946147.0,51.48,50.51,2084.110107,2100.399902
2015-04-21,51.68,51.32,8411425.0,51.85,51.1,2102.820068,2097.290039
2015-04-22,51.48,51.73,11342763.0,52.09,51.32,2098.27002,2107.959961
2015-04-23,51.87,51.41,11406612.0,52.2,51.22,2107.209961,2112.929932
2015-04-24,51.85,50.82,14606818.0,51.96,50.24,2112.800049,2117.689941
2015-04-27,50.84,51.66,23633704.0,52.54,50.82,2119.290039,2108.919922
2015-04-28,52.16,42.27,66791860.0,52.219,38.38,2108.350098,2114.76001
2015-04-29,40.21,38.49,119859037.0,41.09,38.07,2112.48999,2106.850098
2015-04-30,39.28,38.96,46436688.0,39.74,38.48,2105.52002,2085.51001
2015-05-01,39.19,37.84,37511961.0,39.24,37.37,2087.379883,2108.290039
2015-05-04,38.72,37.88,27603308.0,38.96,37.55,2110.22998,2114.48999
2015-05-05,38.0,37.42,22570374.0,38.61,37.36,2112.629883,2089.459961
2015-05-06,37.69,37.26,29070083.0,37.78,36.52,2091.26001,2080.149902
2015-05-07,37.24,37.71,21240008.0,37.88,36.95,2079.959961,2088.0
2015-05-08,38.02,37.59,14362759.0,38.2,37.55,2092.129883,2116.100098
2015-05-11,37.58,37.31,12297490.0,37.859,37.2,2115.560059,2105.330078
2015-05-12,37.29,37.48,11776781.0,37.8,37.06,2102.870117,2099.120117
2015-05-13,37.66,37.72,14033149.0,38.2,37.53,2099.620117,2098.47998
2015-05-14,37.93,37.33,14225654.0,38.09,37.27,2100.429932,2121.100098
2015-05-15,37.36,37.1,16748861.0,37.8,37.0,2122.070068,2122.72998
2015-05-18,37.1,37.28,11182364.0,37.57,36.9,2121.300049,2129.199951
2015-05-19,37.14,37.5,26866550.0,37.88,36.9,2129.449951,2127.830078
2015-05-20,37.49,36.78,23272921.0,37.94,36.54,2127.790039,2125.850098
2015-05-21,36.81,36.68,17413492.0,36.94,36.39,2125.550049,2130.820068
2015-05-22,36.7,36.6,9800153.0,36.9765,36.57,2130.360107,2126.060059
2015-05-26,36.67,36.51,12995589.0,36.83,36.37,2125.340088,2104.199951
2015-05-27,36.5,36.41,14417365.0,36.6528,36.1,2105.129883,2123.47998
2015-05-28,36.49,36.83,17856408.0,37.33,36.37,2122.27002,2120.790039
2015-05-29,37.05,36.67,16515388.0,37.07,36.53,2120.659912,2107.389893
2015-06-01,36.69,36.63,9943968.0,36.83,36.43,2108.639893,2111.72998
2015-06-02,36.45,36.4,12983511.0,36.6,36.16,2110.409912,2109.600098
2015-06-03,36.51,37.0,13717627.0,37.17,36.48,2110.639893,2114.070068
2015-06-04,37.17,36.71,23659994.0,37.79,36.51,2112.350098,2095.840088
2015-06-05,36.79,37.0,11658651.0,37.23,36.65,2095.090088,2092.830078
2015-06-08,36.91,36.46,11718130.0,36.98,36.41,2092.340088,2079.280029
2015-06-09,36.5,35.88,14034468.0,36.5,35.565,2079.070068,2080.149902
2015-06-10,36.01,35.85,12634817.0,36.17,35.6,2081.120117,2105.199951
2015-06-11,35.92,35.84,20546962.0,36.17,35.79,2106.23999,2108.860107
2015-06-12,36.9,35.9,60914449.0,37.25,35.55,2107.429932,2094.110107
2015-06-15,35.24,34.67,32711507.0,35.26,34.31,2091.340088,2084.429932
2015-06-16,34.23,34.82,49591165.0,35.2,33.51,2084.26001,2096.290039
2015-06-17,34.99,34.69,27138035.0,35.12,34.17,2097.399902,2100.439941
2015-06-18,34.63,34.66,19385844.0,35.04,34.45,2101.580078,2121.23999
2015-06-19,34.97,35.86,32923196.0,36.28,34.85,2121.060059,2109.98999
2015-06-22,35.95,35.55,21293519.0,36.0,35.34,2112.5,2122.850098
2015-06-23,35.78,35.37,24814623.0,36.2,34.96,2123.159912,2124.199951
2015-06-24,35.4,35.17,12959818.0,35.75,35.1,2123.649902,2108.580078
2015-06-25,35.36,35.17,10689889.0,35.36,34.965,2109.959961,2102.310059
2015-06-26,34.97,35.2401,13903201.0,35.3,34.67,2102.620117,2101.48999
2015-06-29,34.47,34.21,25139697.0,35.0899,34.15,2098.629883,2057.639893
2015-06-30,34.5,36.13,23611461.0,36.42,34.44,2061.189941,2063.110107
2015-07-01,36.05,35.4,23624828.0,36.11,35.235,2067.0,2077.419922
2015-07-02,35.4,35.72,17589427.0,35.97,35.1,2078.030029,2076.780029
2015-07-06,35.17,35.43,11256421.0,35.69,35.0,2073.949951,2068.76001
2015-07-07,35.35,35.52,14157666.0,35.72,34.55,2069.52002,2081.340088
2015-07-08,35.41,34.76,15434022.0,36.05,34.67,2077.659912,2046.680054
2015-07-09,35.17,34.36,13921268.0,35.43,34.31,2049.72998,2051.310059
2015-07-10,34.68,34.91,10591326.0,35.12,34.46,2052.73999,2076.620117
2015-07-14,35.78,36.72,49940501.0,38.82,35.77,2099.719971,2108.949951
2015-07-15,36.66,35.66,18214627.0,37.09,35.55,2109.01001,2107.399902
2015-07-16,35.89,36.1,11265539.0,36.45,36.45,2110.550049,2124.290039
2015-07-17,36.46,35.67,12741260.0,36.66,35.6,2126.800049,2126.639893
2015-07-20,35.75,35.81,9864126.0,35.99,35.205,2126.850098,2128.280029
2015-07-21,35.82,36.63,12417667.0,36.75,35.71,2127.550049,2119.209961
2015-07-22,36.23,36.09,11724838.0,36.373,35.51,2118.209961,2114.149902
2015-07-23,36.0,36.19,10310664.0,36.73,35.945,2114.159912,2102.149902
2015-07-24,36.41,35.42,12872080.0,36.41,35.3,2102.23999,2079.649902
2015-07-27,35.11,34.7,24521081.0,35.15,33.88,2078.189941,2067.639893
2015-07-28,34.7,36.54,42042078.0,36.67,34.14,2070.75,2093.25
2015-07-29,32.59,31.24,92475756.0,33.24,31.06,2094.699951,2108.570068
2015-07-30,31.1,31.47,29311908.0,31.83,31.05,2106.780029,2108.629883
2015-07-31,31.38,31.01,17995440.0,31.62,30.85,2111.600098,2103.840088
2015-08-03,30.85,29.27,46530137.0,31.09,28.69,2104.48999,2098.040039
2015-08-04,29.11,29.34,21287901.0,29.9,28.9,2097.679932,2093.320068
2015-08-05,29.41,28.48,21092699.0,29.5,28.43,2095.27002,2099.840088
2015-08-06,28.4,27.54,27438819.0,28.43,27.23,2100.75,2083.560059
2015-08-07,27.8,27.04,18224661.0,27.9,26.87,2082.610107,2077.570068
2015-08-10,28.09,29.5,42149378.0,29.63,27.82,2080.97998,2104.179932
2015-08-11,29.01,29.62,27749197.0,29.89,28.53,2102.659912,2084.070068
2015-08-12,29.11,29.39,18513098.0,29.5,28.51,2081.100098,2086.050049
2015-08-13,29.6,28.54,14811874.0,29.6,28.44,2086.189941,2083.389893
2015-08-14,28.5,29.06,16489680.0,29.269,28.45,2083.149902,2091.540039
2015-08-17,29.19,29.06,9493389.0,29.34,28.93,2089.699951,2102.439941
2015-08-18,28.91,28.3,9536923.0,29.0,28.3,2101.98999,2096.919922
2015-08-19,28.06,27.61,19810202.0,28.09,27.16,2095.689941,2079.610107
2015-08-20,27.15,26.0,25032518.0,27.48,25.92,2076.610107,2035.72998
2015-08-21,25.65,25.87,23545870.0,26.735,25.51,2034.079956,1970.890015
2015-08-24,23.61,25.005,27849826.0,26.23,21.01,1965.150024,1893.209961
2015-08-25,26.29,24.38,19677438.0,26.33,24.38,1898.079956,1867.609985
2015-08-26,24.8,25.03,19822482.0,25.29,23.83,1872.75,1940.51001
2015-08-27,25.49,26.46,22330891.0,26.8,25.24,1942.77002,1987.660034
2015-08-28,26.19,26.83,12313409.0,26.93,26.06,1986.060059,1988.869995
2015-08-31,27.63,27.79,30724373.0,28.49,27.35,1986.72998,1972.180054
2015-09-01,27.19,27.03,20973013.0,28.1166,26.77,1970.089966,1913.849976
2015-09-02,27.45,27.82,14289329.0,27.825,26.87,1916.52002,1948.859985
2015-09-03,28.03,28.3,21192984.0,29.0,27.81,1950.790039,1951.130005
2015-09-04,27.95,28.15,13466854.0,28.55,27.8,1947.76001,1921.219971
2015-09-08,28.15,27.18,19084637.0,28.2,27.01,1927.300049,1969.410034
2015-09-09,27.17,27.18,19349852.0,27.85,26.42,1971.449951,1942.040039
2015-09-10,27.07,27.71,11228289.0,27.83,26.95,1941.589966,1952.290039
2015-09-11,27.63,27.39,8818538.0,27.65,27.17,1951.449951,1961.050049
2015-09-14,27.21,26.9,11474090.0,27.55,26.795,1963.060059,1953.030029
2015-09-15,27.04,27.17,10098143.0,27.55,27.0,1955.099976,1978.089966
2015-09-16,27.14,27.75,13227162.0,28.0,27.0,1978.02002,1995.310059
2015-09-17,27.54,27.41,12758412.0,27.93,27.03,1995.329956,1990.199951
2015-09-18,27.04,27.96,16951401.0,28.25,26.99,1989.660034,1958.030029
2015-09-21,27.98,27.38,10437889.0,28.09,27.1899,1960.839966,1966.969971
2015-09-22,27.05,26.83,13387741.0,27.48,26.62,1961.390015,1942.73999
2015-09-23,26.97,26.79,10803286.0,27.28,26.575,1943.23999,1938.76001
2015-09-24,26.51,26.6,21269638.0,26.64,25.3979,1934.810059,1932.23999
2015-09-25,26.84,25.29,14412785.0,26.91,25.14,1935.930054,1931.339966
2015-09-28,24.96,25.26,17368089.0,25.61,24.6,1929.180054,1881.77002
2015-09-29,25.23,25.59,13378695.0,25.76,24.915,1881.900024,1884.089966
2015-09-30,25.94,26.94,25208210.0,27.33,25.88,1887.140015,1920.030029
2015-10-01,26.47,24.68,30619186.0,26.84,24.65,1919.650024,1923.819946
2015-10-02,24.5,26.31,23392796.0,26.48,24.34,1921.77002,1951.359985
2015-10-05,26.99,28.15,30758113.0,28.25,26.33,1954.329956,1987.050049
2015-10-06,28.16,27.62,31206861.0,28.4,26.75,1986.630005,1979.920044
2015-10-07,28.35,29.83,34460702.0,29.95,28.01,1982.339966,1995.829956
2015-10-08,29.57,30.32,36333471.0,31.5,29.03,1994.01001,2013.430054
2015-10-09,30.9,30.85,26633095.0,31.41,30.28,2013.72998,2014.890015
2015-10-12,30.3,28.75,30619463.0,30.77,28.6,2015.650024,2017.459961
2015-10-13,29.55,29.06,45623552.0,30.68,28.84,2015.0,2003.689941
2015-10-14,29.46,29.38,27431836.0,29.82,28.38,2003.660034,1994.23999
2015-10-15,29.46,29.71,15759900.0,30.28,29.01,1996.469971,2023.859985
2015-10-16,30.08,31.15,44081041.0,31.4,29.36,2024.369995,2033.109985
2015-10-19,31.15,30.91,23806130.0,31.6,30.57,2031.72998,2033.660034
2015-10-20,30.94,30.91,15727930.0,31.39,30.41,2033.130005,2030.77002
2015-10-21,29.5,29.3,30359035.0,29.66,28.65,2033.469971,2018.939941
2015-10-22,29.24,29.15,17259049.0,29.8,28.74,2021.880005,2052.51001
2015-10-23,29.97,30.28,19673368.0,30.72,29.61,2058.189941,2075.149902
2015-10-26,30.63,30.89,16629647.0,31.22,30.48,2075.080078,2071.179932
2015-10-27,31.02,31.34,32722493.0,31.87,30.65,2068.75,2065.889893
2015-10-28,28.13,30.87,88801721.0,31.34,27.76,2066.47998,2090.350098
2015-10-29,30.58,29.06,33012067.0,30.7,28.93,2088.350098,2089.409912
2015-10-30,29.13,28.46,21717279.0,29.57,28.35,2090.0,2079.360107
2015-11-02,28.54,29.2,18430415.0,29.29,28.05,2080.76001,2104.050049
2015-11-03,29.09,29.13,16654284.0,29.63,29.04,2102.629883,2109.790039
2015-11-04,29.36,29.36,18668191.0,30.15,29.23,2110.600098,2102.310059
2015-11-05,29.47,28.66,15438405.0,29.55,28.45,2101.679932,2099.929932
2015-11-06,28.58,28.28,13503096.0,28.7,28.05,2098.600098,2099.199951
2015-11-09,28.07,27.09,25383321.0,28.21,26.68,2096.560059,2078.580078
2015-11-10,26.81,27.05,16366410.0,27.17,26.25,2077.189941,2081.719971
2015-11-11,27.08,26.5,12691855.0,27.14,26.37,2083.409912,2075.0
2015-11-12,26.08,26.13,12474587.0,26.61,25.85,2072.290039,2045.969971
2015-11-13,25.89,25.18,14067382.0,26.16,25.16,2044.640015,2023.040039
2015-11-16,25.33,25.41,12208075.0,25.7756,25.0,2022.079956,2053.189941
2015-11-17,25.54,25.23,13211191.0,25.69,24.9,2053.669922,2050.439941
2015-11-18,25.17,25.9,13865744.0,26.0901,25.16,2051.98999,2083.580078
2015-11-19,25.94,26.32,14165788.0,26.58,25.93,2083.699951,2081.23999
2015-11-20,26.32,26.27,10774383.0,26.695,26.03,2082.820068,2089.169922
2015-11-23,26.11,25.2,18042734.0,26.27,25.02,2089.409912,2086.590088
2015-11-24,25.17,25.52,10352116.0,25.55,25.02,2084.419922,2089.139893
2015-11-25,25.62,26.06,13019647.0,26.4099,25.59,2089.300049,2088.870117
2015-11-27,25.98,25.75,4179367.0,26.07,25.67,2088.820068,2090.110107
2015-11-30,25.78,25.4,17159930.0,25.82,25.06,2090.949951,2080.409912
2015-12-01,25.39,25.53,14762830.0,25.58,25.0,2082.929932,2102.629883
2015-12-02,25.31,25.4,11654336.0,25.72,25.17,2101.709961,2079.51001
2015-12-03,25.48,25.9,23772399.0,26.06,24.91,2080.709961,2049.620117
2015-12-04,25.81,25.02,16473489.0,25.85,25.01,2051.23999,2091.689941
2015-12-07,24.99,24.46,16809218.0,25.16,24.13,2090.419922,2077.070068
2015-12-08,24.04,24.99,23543307.0,25.1,23.54,2073.389893,2063.590088
2015-12-09,24.98,24.31,14612036.0,24.98,24.19,2061.169922,2047.619995
2015-12-10,24.36,25.91,27945168.0,26.25,24.34,2047.930054,2052.22998
2015-12-11,25.91,24.84,22861788.0,26.2,24.8,2047.27002,2012.369995
2015-12-14,24.68,24.92,18053837.0,24.94,23.7,2013.369995,2021.939941
2015-12-15,24.52,23.95,22998166.0,24.69,23.7,2025.550049,2043.410034
2015-12-16,23.96,24.3,23971763.0,24.48,23.8,2046.5,2073.070068
2015-12-17,24.47,23.31,17512059.0,24.75,23.29,2073.76001,2041.890015
2015-12-18,23.35,22.99,22091779.0,23.44,22.66,2040.810059,2005.550049
2015-12-21,23.02,22.14,21157188.0,23.04,21.99,2010.27002,2021.150024
2015-12-22,22.26,22.56,13668049.0,22.67,22.09,2023.150024,2038.969971
2015-12-23,22.68,22.67,13074565.0,22.95,22.37,2042.199951,2064.290039
2015-12-24,22.7,22.97,7910480.0,23.06,22.55,2063.52002,2060.98999
2015-12-28,22.9,22.53,13674956.0,23.32,22.5,2057.77002,2056.5
2015-12-29,22.63,22.47,11176656.0,22.82,22.31,2060.540039,2078.360107
2015-12-30,22.45,22.23,15235553.0,22.94,22.21,2077.340088,2063.360107
2015-12-31,22.17,23.14,19405648.0,23.28,22.15,2060.590088,2043.939941
2016-01-04,22.64,22.56,15270693.0,22.84,22.11,2038.199951,2012.660034
2016-01-05,22.79,21.92,16821603.0,23.0,21.85,2013.780029,2016.709961
2016-01-06,21.62,21.39,13941679.0,22.18,21.18,2011.709961,1990.26001
2016-01-07,21.0,20.26,20732692.0,21.48,20.198,1985.319946,1943.089966
2016-01-08,20.51,19.98,21744389.0,20.72,19.6,1945.969971,1922.030029
2016-01-11,20.12,19.65,21287884.0,20.2,19.26,1926.119995,1923.670044
2016-01-12,19.87,19.62,14519531.0,20.41,19.32,1927.829956,1938.680054
2016-01-13,19.7,18.68,35742236.0,19.76,18.47,1940.339966,1890.280029
2016-01-14,18.55,19.0,37045329.0,19.16,17.27,1891.680054,1921.839966
2016-01-15,18.23,17.94,24235073.0,18.53,17.61,1916.680054,1880.329956
2016-01-19,18.18,16.69,23994083.0,18.18,16.43,1888.660034,1881.329956
2016-01-20,16.16,17.38,68953801.0,19.04,15.48,1876.180054,1859.329956
2016-01-21,17.44,17.83,26275003.0,18.32,16.8,1861.459961,1868.98999
2016-01-22,18.29,17.84,15543089.0,18.56,17.73,1877.400024,1906.900024
2016-01-25,16.8,17.02,33559432.0,17.45,16.51,1906.280029,1877.079956
2016-01-26,17.22,17.01,21998105.0,17.28,16.4,1878.790039,1903.630005
2016-01-27,17.01,16.78,16623716.0,17.62,16.77,1902.52002,1882.949951
2016-01-28,17.21,16.49,16774590.0,17.34,16.45,1885.219971,1893.359985
2016-01-29,16.64,16.8,16817732.0,17.07,16.51,1894.0,1940.23999
2016-02-01,17.89,17.91,49860204.0,18.77,17.3,1936.939941,1939.380005
2016-02-02,17.22,16.08,31719222.0,17.27,16.01,1935.26001,1903.030029
2016-02-03,16.33,16.56,24244885.0,16.74,15.55,1907.069946,1912.530029
2016-02-04,16.4,16.91,18125789.0,17.175,16.29,1911.670044,1915.449951
2016-02-05,16.61,15.72,23996265.0,16.64,15.62,1913.069946,1880.050049
2016-02-08,15.51,14.9,24818017.0,15.55,14.73,1873.25,1853.439941
2016-02-09,14.62,14.4,26408805.0,15.545,14.31,1848.459961,1852.209961
2016-02-10,14.55,14.98,30722513.0,15.28,14.52,1857.099976,1851.859985
2016-02-11,14.07,14.31,38371027.0,14.79,13.91,1847.0,1829.079956
2016-02-12,14.54,15.88,35538099.0,15.94,14.53,1833.400024,1864.780029
2016-02-16,16.09,16.36,17193358.0,16.4,15.67,1871.439941,1895.579956
2016-02-17,16.47,17.46,25574828.0,17.6,16.43,1898.800049,1926.819946
2016-02-18,18.1,18.43,34447222.0,18.55,17.52,1927.569946,1917.829956
2016-02-19,18.16,18.31,23914816.0,18.88,17.77,1916.73999,1917.780029
2016-02-22,18.62,18.3,24926891.0,18.675,17.76,1924.439941,1945.5
2016-02-23,18.56,18.3,25683746.0,18.96,18.1,1942.380005,1921.27002
2016-02-24,18.0,18.0,26629647.0,18.09,17.11,1917.560059,1929.800049
2016-02-25,17.93,17.59,22336555.0,17.95,17.31,1931.869995,1951.699951
2016-02-26,17.72,17.94,16314069.0,18.03,17.4975,1954.949951,1948.050049
2016-02-29,17.96,18.12,17329047.0,18.57,17.78,1947.130005,1932.22998
2016-03-01,18.47,17.85,19299159.0,18.48,17.59,1937.089966,1978.349976
2016-03-02,17.85,18.54,17177213.0,18.74,17.715,1976.599976,1986.449951
2016-03-03,18.53,19.31,23200117.0,19.44,18.48,1985.599976,1993.400024
2016-03-04,19.45,19.36,30046413.0,20.32,19.06,1994.01001,1999.98999
2016-03-07,19.11,19.17,19693463.0,19.73,18.77,1996.109985,2001.76001
2016-03-08,19.1,18.33,16345701.0,19.15,18.33,1996.880005,1979.26001
2016-03-09,18.61,17.66,21502334.0,18.74,17.52,1981.439941,1989.26001
2016-03-11,16.77,16.81,21442196.0,16.94,16.46,1994.709961,2022.189941
2016-03-14,16.81,17.12,16475725.0,17.32,16.79,2019.27002,2019.640015
2016-03-15,17.0,16.19,19599180.0,17.04,16.14,2015.27002,2015.930054
2016-03-16,16.33,16.7,24662279.0,16.77,16.13,2014.23999,2027.219971
2016-03-17,16.65,16.85,17042161.0,17.147,16.62,2026.900024,2040.589966
2016-03-18,17.08,16.85,21151481.0,17.38,16.76,2041.160034,2049.580078
2016-03-21,16.83,16.89,12551861.0,17.05,16.68,2047.880005,2051.600098
2016-03-22,16.75,16.86,9559593.0,17.01,16.7,2048.639893,2049.800049
2016-03-23,16.86,16.01,17974399.0,16.91,16.01,2048.550049,2036.709961
2016-03-24,15.94,15.91,14815816.0,15.988,15.565,2032.47998,2035.939941
2016-03-28,15.98,15.6,14080348.0,16.005,15.4,2037.890015,2037.050049
2016-03-29,15.69,15.97,16923702.0,15.99,15.33,2035.75,2055.01001
2016-03-30,16.16,16.36,19294580.0,16.72,16.01,2058.27002,2063.949951
2016-03-31,16.4,16.55,18849136.0,16.84,16.21,2063.77002,2059.73999
2016-04-01,16.41,15.98,20921732.0,16.43,15.83,2056.620117,2072.780029
2016-04-04,16.0,17.09,38118959.0,17.5403,15.96,2073.189941,2066.129883
2016-04-05,17.59,17.05,41507930.0,17.83,16.89,2062.5,2045.170044
2016-04-06,17.12,17.26,23100651.0,17.48,16.9,2045.560059,2066.659912
2016-04-07,16.88,16.98,23273675.0,17.59,16.85,2063.01001,2041.910034
2016-04-08,17.12,16.65,18636485.0,17.25,16.41,2045.540039,2047.599976
2016-04-11,16.74,16.51,14154243.0,16.98,16.41,2050.22998,2041.98999
2016-04-12,16.5,16.57,14862653.0,16.77,16.15,2043.719971,2061.719971
2016-04-13,16.68,17.36,22335377.0,17.4,16.68,2065.919922,2082.419922
2016-04-14,17.38,17.53,16140385.0,17.7,17.14,2082.889893,2082.780029
2016-04-15,17.52,17.58,16324727.0,17.91,17.31,2083.100098,2080.72998
2016-04-18,17.71,17.31,17254728.0,17.72,17.06,2078.830078,2094.340088
2016-04-19,17.37,16.92,24704232.0,17.39,16.68,2096.050049,2100.800049
2016-04-20,16.94,17.4,17712844.0,17.52,16.9,2101.52002,2102.399902
2016-04-21,17.48,17.51,13518444.0,17.77,17.42,2102.090088,2091.47998
2016-04-22,17.33,17.23,14830572.0,17.51,17.02,2091.48999,2091.580078
2016-04-25,17.2,17.09,18931255.0,17.75,16.88,2089.370117,2087.790039
2016-04-26,17.21,17.75,34858303.0,17.98,17.08,2089.840088,2091.699951
2016-04-27,15.15,14.86,84769425.0,15.28,14.81,2092.330078,2095.149902
2016-04-28,14.85,14.64,34602966.0,15.09,14.62,2090.929932,2075.810059
2016-04-29,14.7,14.62,26832904.0,14.93,14.32,2071.820068,2065.300049
2016-05-02,14.73,14.4,26085330.0,14.77,14.17,2067.169922,2081.429932
2016-05-03,14.22,14.01,25883674.0,14.25,13.9,2077.179932,2063.370117
2016-05-04,13.95,14.84,41538839.0,14.878,13.92,2060.300049,2051.120117
2016-05-05,14.93,14.12,28937271.0,14.98,14.08,2052.949951,2050.629883
2016-05-06,14.12,14.4,20982967.0,14.4,13.98,2047.77002,2057.139893
2016-05-09,14.28,14.2,11429730.0,14.47,14.15,2057.550049,2058.689941
2016-05-10,14.17,14.63,14517705.0,14.69,14.16,2062.629883,2084.389893
2016-05-11,14.61,14.59,13750955.0,14.86,14.44,2083.290039,2064.459961
2016-05-12,14.63,14.08,19806057.0,14.68,14.0,2067.169922,2064.110107
2016-05-13,14.06,14.1,12691723.0,14.28,14.0,2062.5,2046.609985
2016-05-16,14.09,14.29,11535581.0,14.37,14.06,2046.530029,2066.659912
2016-05-17,14.21,14.34,15555656.0,14.59,14.13,2065.040039,2047.209961
2016-05-18,14.35,14.14,14222333.0,14.57,14.05,2044.380005,2047.630005
2016-05-19,14.15,14.15,15871052.0,14.305,14.04,2044.209961,2040.040039
2016-05-20,14.2,14.43,18474725.0,14.51,14.16,2041.880005,2052.320068
2016-05-23,14.4,14.41,12879233.0,14.6,14.3301,2052.22998,2048.040039
2016-05-24,14.22,14.03,36178983.0,14.22,13.725,2052.649902,2076.060059
2016-05-25,14.07,14.41,23118778.0,14.57,14.06,2078.929932,2090.540039
2016-05-26,14.45,14.3,21048218.0,14.48,14.19,2091.439941,2090.100098
2016-05-27,14.25,15.1,28298303.0,15.1,14.23,2090.060059,2099.060059
2016-05-31,15.12,15.22,23966319.0,15.49,15.08,2100.129883,2096.949951
2016-06-01,15.1,15.02,18208304.0,15.17,14.62,2093.939941,2099.330078
2016-06-02,15.04,15.2,13114338.0,15.26,14.8463,2097.709961,2105.26001
2016-06-03,15.11,15.2,15449220.0,15.3489,14.96,2104.070068,2099.129883
2016-06-06,15.22,15.27,13729323.0,15.45,15.18,2100.830078,2109.409912
2016-06-07,15.36,15.0,16419071.0,15.37,14.91,2110.179932,2112.129883
2016-06-08,15.07,14.95,12899750.0,15.12,14.81,2112.709961,2119.120117
2016-06-09,14.84,14.6,12331502.0,14.8595,14.59,2115.649902,2115.47998
2016-06-10,14.45,14.02,22046108.0,14.45,14.0,2109.570068,2096.070068
2016-06-13,14.63,14.55,42833029.0,15.3,14.505,2091.75,2079.060059
2016-06-14,14.82,15.36,37103553.0,15.42,14.8,2076.649902,2075.320068
2016-06-15,15.71,15.96,53244122.0,16.44,15.71,2077.600098,2071.5
2016-06-16,15.9,15.87,23542162.0,15.95,15.4,2066.360107,2077.98999
2016-06-17,16.16,16.1,31896727.0,16.3689,15.96,2078.199951,2071.219971
2016-06-20,16.34,16.34,22800677.0,16.64,16.15,2075.580078,2083.25
2016-06-21,16.48,16.32,14983920.0,16.56,16.17,2085.189941,2088.899902
2016-06-22,16.27,16.13,13713036.0,16.32,16.045,2089.75,2085.449951
2016-06-23,16.3,17.04,25071846.0,17.07,16.28,2092.800049,2113.320068
2016-06-24,16.24,16.44,31011008.0,16.9,16.2,2103.810059,2037.410034
2016-06-27,16.29,15.84,23461816.0,16.4,15.46,2031.449951,2000.540039
2016-06-28,16.24,16.42,18644128.0,16.64,16.16,2006.670044,2036.089966
2016-06-29,16.6,16.83,18133381.0,17.01,16.43,2042.689941,2070.77002
2016-06-30,16.8,16.91,14075607.0,17.0,16.73,2073.169922,2098.860107
2016-07-01,16.93,17.28,20690278.0,17.5,16.9,2099.340088,2102.949951
2016-07-05,17.25,17.14,15647085.0,17.28,16.76,2095.050049,2088.550049
2016-07-06,17.02,17.2,15622106.0,17.34,16.81,2084.429932,2099.72998
2016-07-07,17.24,17.37,13423148.0,17.675,17.24,2100.419922,2097.899902
2016-07-08,17.53,18.08,24802329.0,18.1649,17.47,2106.969971,2129.899902
2016-07-11,17.59,17.71,24010236.0,17.88,17.52,2131.719971,2137.159912
2016-07-12,17.98,18.1,23758801.0,18.38,17.92,2139.5,2152.139893
2016-07-13,18.21,17.74,17898753.0,18.32,17.5,2153.810059,2152.429932
2016-07-14,18.02,17.96,19527291.0,18.28,17.911,2157.879883,2163.75
2016-07-15,17.98,18.08,17173742.0,18.18,17.81,2165.129883,2161.73999
2016-07-18,18.29,18.65,29588382.0,18.75,18.05,2162.040039,2166.889893
2016-07-19,18.51,18.33,27189002.0,18.895,18.27,2163.790039,2163.780029
2016-07-20,18.52,18.56,14994057.0,18.76,18.45,2166.100098,2173.02002
2016-07-21,18.57,18.39,13907764.0,18.8,18.35,2172.909912,2165.169922
2016-07-22,18.12,18.37,19558425.0,18.3893,17.76,2166.469971,2175.030029
2016-07-25,18.43,18.65,21453271.0,18.7,18.17,2173.709961,2168.47998
2016-07-26,18.52,18.45,43865915.0,18.65,18.164,2168.969971,2169.179932
2016-07-27,16.34,15.77,83100546.0,16.59,15.69,2169.810059,2166.580078
2016-07-28,15.89,16.31,31442403.0,16.34,15.88,2166.050049,2170.060059
2016-07-29,16.39,16.64,25940877.0,16.74,16.24,2168.830078,2173.600098
2016-08-01,16.65,16.64,25854570.0,16.85,16.4,2173.149902,2170.840088
2016-08-02,16.61,16.42,16611322.0,16.7,16.2,2169.939941,2157.030029
2016-08-03,16.34,17.61,55584629.0,17.88,16.33,2156.810059,2163.790039
2016-08-04,17.57,18.13,33100532.0,18.31,17.36,2163.51001,2164.25
2016-08-05,18.19,18.26,22811743.0,18.58,18.14,2168.790039,2182.870117
2016-08-08,18.25,18.2,15470249.0,18.48,17.935,2183.76001,2180.889893
2016-08-09,18.17,18.68,19105526.0,18.79,17.971,2182.23999,2181.73999
2016-08-10,18.67,19.04,28482346.0,19.57,18.56,2182.810059,2175.48999
2016-08-11,19.17,19.78,30807899.0,19.83,19.1138,2177.969971,2185.790039
2016-08-12,19.71,19.54,28209597.0,19.71,19.01,2183.73999,2184.050049
2016-08-15,19.85,20.86,58516020.0,21.1,19.83,2186.080078,2190.149902
2016-08-16,20.78,20.4,23230596.0,20.79,20.29,2186.23999,2178.149902
2016-08-17,20.43,20.17,22721220.0,20.44,19.9,2177.840088,2182.219971
2016-08-18,19.56,19.0,47070201.0,19.6,18.92,2181.899902,2187.02002
2016-08-19,18.96,18.98,16962540.0,19.31,18.76,2184.23999,2183.870117
2016-08-22,18.95,18.55,17424503.0,18.96,18.52,2181.580078,2182.639893
2016-08-23,18.65,18.69,14011182.0,18.93,18.65,2187.810059,2186.899902
2016-08-24,18.8,18.25,16601138.0,18.97,18.2,2185.090088,2175.439941
2016-08-25,18.33,18.32,13064786.0,18.65,18.23,2173.290039,2172.469971
2016-08-26,18.4,18.3,11208629.0,18.53,18.1,2175.100098,2169.040039
2016-08-29,18.39,18.47,11274260.0,18.55,18.3,2170.189941,2180.379883
2016-08-30,18.59,18.38,8249972.0,18.69,18.32,2179.449951,2176.120117
2016-08-31,18.39,19.21,34080475.0,19.6,18.38,2173.560059,2170.949951
2016-09-01,19.37,19.5,39676265.0,20.14,19.27,2171.330078,2170.860107
2016-09-02,19.62,19.55,19296514.0,19.87,19.35,2177.48999,2179.97998
2016-09-06,19.74,19.93,24022716.0,20.14,19.4775,2181.610107,2186.47998
2016-09-07,20.05,19.87,26270246.0,20.65,19.795,2185.169922,2186.159912
2016-09-08,18.81,18.7,44853115.0,19.31,18.59,2182.76001,2181.300049
2016-09-09,18.4,18.11,30708095.0,18.82,17.92,2169.080078,2127.810059
2016-09-12,17.96,18.15,18133350.0,18.24,17.68,2120.860107,2159.040039
2016-09-13,17.99,17.76,15783005.0,18.1,17.52,2150.469971,2127.02002
2016-09-14,17.93,18.08,16032888.0,18.39,17.9,2127.860107,2125.77002
2016-09-15,18.3,18.3,14452719.0,18.42,18.06,2125.360107,2147.26001
2016-09-16,18.9,19.11,39966161.0,19.25,18.74,2146.47998,2139.159912
2016-09-19,19.22,18.36,23199759.0,19.24,18.28,2143.98999,2139.120117
2016-09-20,18.3,18.39,15690492.0,18.64,18.23,2145.939941,2139.76001
2016-09-21,18.44,18.49,16154818.0,18.5,18.13,2144.580078,2163.120117
2016-09-22,18.52,18.63,14848061.0,18.92,18.44,2170.939941,2177.179932
2016-09-23,21.5,22.62,190927657.0,22.89,21.11,2173.290039,2164.689941
2016-09-26,21.79,23.37,94468478.0,23.57,21.65,2158.540039,2146.100098
2016-09-27,23.21,23.72,63927806.0,23.98,22.9,2146.040039,2159.929932
2016-09-28,23.42,22.96,43486796.0,23.63,22.44,2161.850098,2171.370117
2016-09-29,22.92,23.01,26040357.0,23.36,22.86,2168.899902,2151.129883
2016-09-30,23.02,23.05,16792437.0,23.25,22.82,2156.51001,2168.27002
2016-10-03,23.78,24.0,37302265.0,24.25,23.455,2164.330078,2161.199951
2016-10-04,23.75,23.52,21432256.0,23.79,23.34,2163.370117,2150.48999
2016-10-05,24.32,24.87,61602597.0,25.25,24.13,2155.149902,2159.72998
2016-10-06,20.46,19.87,108944712.0,21.0,19.6,2158.219971,2160.77002
2016-10-07,19.95,19.85,38495749.0,20.53,19.645,2164.189941,2153.73999
2016-10-10,17.49,17.56,104967205.0,18.24,16.93,2160.389893,2163.659912
2016-10-11,18.18,18.0,48851110.0,18.2,17.65,2161.350098,2136.72998
2016-10-12,18.19,18.05,23462158.0,18.19,17.81,2137.669922,2139.179932
2016-10-13,17.86,17.79,18493333.0,17.99,17.67,2130.26001,2132.550049
2016-10-14,17.88,16.88,73388899.0,18.05,16.28,2139.679932,2132.97998
2016-10-17,16.76,16.73,25604420.0,16.9793,16.43,2132.949951,2126.5
2016-10-18,16.86,16.83,18380276.0,17.13,16.79,2138.310059,2139.600098
2016-10-19,16.94,17.07,17298876.0,17.26,16.88,2140.810059,2144.290039
2016-10-20,17.04,16.9,15010453.0,17.07,16.82,2142.51001,2141.340088
2016-10-21,16.95,18.09,58089475.0,18.35,16.74,2139.429932,2141.159912
2016-10-24,17.6,18.03,41641258.0,18.37,17.49,2148.5,2151.330078
2016-10-25,17.82,17.26,30612799.0,17.84,17.15,2149.719971,2143.159912
2016-10-26,17.58,17.29,34891561.0,17.66,17.17,2136.969971,2139.429932
2016-10-27,18.0,17.4,63144800.0,18.12,17.07,2144.060059,2133.040039
2016-10-28,17.7,17.66,29163885.0,18.0,17.5,2132.22998,2126.409912
2016-10-31,17.65,17.95,19474902.0,18.04,17.64,2129.780029,2126.149902
2016-11-01,17.84,17.49,22571125.0,18.0,17.261,2128.679932,2111.719971
2016-11-02,17.43,17.61,20762836.0,17.95,17.38,2109.429932,2097.939941
2016-11-03,17.55,17.58,17039294.0,17.8599,17.26,2098.800049,2088.659912
2016-11-04,17.52,18.02,30976650.0,18.34,17.5,2083.790039,2085.179932
2016-11-07,18.11,18.41,25862653.0,18.69,18.11,2100.590088,2131.52002
2016-11-08,18.22,18.38,19904375.0,18.56,17.77,2129.919922,2139.560059
2016-11-09,17.96,19.13,33124123.0,19.235,17.91,2131.560059,2163.26001
2016-11-10,19.04,18.37,30782933.0,19.3,18.03,2167.48999,2167.47998
2016-11-11,18.35,18.545,15043695.0,18.729,18.07,2162.709961,2164.449951
2016-11-14,18.75,19.14,23035594.0,19.2,18.5,2165.639893,2164.199951
2016-11-15,19.15,18.98,19461006.0,19.51,18.91,2168.290039,2180.389893
2016-11-16,18.98,18.63,14970255.0,19.151,18.59,2177.530029,2176.939941
2016-11-17,18.7,18.55,16203731.0,18.9601,18.53,2178.610107,2187.120117
2016-11-18,18.73,18.73,12464404.0,18.91,18.64,2186.850098,2181.899902
2016-11-21,18.72,18.6,13028912.0,18.91,18.59,2186.429932,2198.179932
2016-11-22,18.66,18.63,10653806.0,18.87,18.51,2201.560059,2202.939941
2016-11-23,18.45,18.22,16965866.0,18.59,18.08,2198.550049,2204.719971
2016-11-25,18.27,18.06,7859208.0,18.31,18.03,2206.27002,2213.350098
2016-11-28,18.0,18.3,18917329.0,18.3,17.85,2210.209961,2201.719971
2016-11-29,18.22,18.19,13439739.0,18.6801,18.13,2200.76001,2204.659912
2016-11-30,18.2,18.49,20154786.0,18.8,18.18,2204.969971,2198.810059
2016-12-01,18.82,18.03,19535786.0,18.83,17.735,2200.169922,2191.080078
2016-12-02,18.0,17.93,12160874.0,18.16,17.86,2191.120117,2191.949951
